App Usage Time (min/day),Screen On Time (hours/day),Battery Drain (mAh/day),Number of Apps Installed,Data Usage (MB/day),Age,Device Model_OnePlus 9,Device Model_Samsung Galaxy S21,Device Model_Xiaomi Mi 11,Device Model_iPhone 12,Operating System_iOS,Gender_Male
393.0,6.4,1872.0,67.0,1122.0,40.0,0.0,0.0,0.0,0.0,0.0,1.0
268.0,4.7,1331.0,42.0,944.0,47.0,1.0,0.0,0.0,0.0,0.0,0.0
154.0,4.0,761.0,32.0,322.0,42.0,0.0,0.0,1.0,0.0,0.0,1.0
239.0,4.8,1676.0,56.0,871.0,20.0,0.0,0.0,0.0,0.0,0.0,1.0
187.0,4.3,1367.0,58.0,988.0,31.0,0.0,0.0,0.0,1.0,1.0,0.0
99.0,2.0,940.0,35.0,564.0,31.0,0.0,0.0,0.0,0.0,0.0,1.0
350.0,7.3,1802.0,66.0,1054.0,21.0,0.0,1.0,0.0,0.0,0.0,0.0
543.0,11.4,2956.0,82.0,1702.0,31.0,1.0,0.0,0.0,0.0,0.0,1.0
340.0,7.7,2138.0,75.0,1053.0,42.0,0.0,1.0,0.0,0.0,0.0,0.0
424.0,6.6,1957.0,75.0,1301.0,42.0,0.0,0.0,0.0,1.0,1.0,1.0
53.0,1.4,435.0,17.0,162.0,34.0,0.0,0.0,0.0,0.0,0.0,0.0
215.0,5.5,1690.0,47.0,641.0,24.0,1.0,0.0,0.0,0.0,0.0,1.0
462.0,6.2,2303.0,65.0,1099.0,57.0,1.0,0.0,0.0,0.0,0.0,0.0
215.0,4.9,1662.0,43.0,857.0,43.0,0.0,0.0,1.0,0.0,0.0,1.0
189.0,5.4,1754.0,53.0,779.0,49.0,0.0,0.0,0.0,1.0,1.0,0.0
503.0,10.4,2571.0,84.0,2025.0,39.0,0.0,0.0,0.0,0.0,0.0,0.0
132.0,3.6,628.0,32.0,344.0,47.0,1.0,0.0,0.0,0.0,0.0,0.0
299.0,5.8,1431.0,41.0,985.0,44.0,0.0,0.0,0.0,1.0,1.0,0.0
81.0,1.4,558.0,16.0,297.0,26.0,0.0,0.0,0.0,0.0,0.0,0.0
577.0,8.5,2774.0,89.0,2192.0,29.0,0.0,0.0,0.0,1.0,1.0,0.0
93.0,2.6,681.0,37.0,302.0,45.0,0.0,1.0,0.0,0.0,0.0,0.0
576.0,11.6,2803.0,82.0,1553.0,43.0,1.0,0.0,0.0,0.0,0.0,0.0
423.0,6.5,2094.0,65.0,1372.0,23.0,0.0,1.0,0.0,0.0,0.0,0.0
292.0,5.6,1401.0,46.0,949.0,37.0,0.0,0.0,0.0,0.0,0.0,0.0
216.0,4.0,1711.0,59.0,748.0,58.0,1.0,0.0,0.0,0.0,0.0,1.0
91.0,3.4,1073.0,38.0,451.0,52.0,0.0,1.0,0.0,0.0,0.0,1.0
444.0,7.6,2372.0,77.0,1002.0,29.0,0.0,0.0,0.0,1.0,1.0,1.0
512.0,10.5,2409.0,89.0,1599.0,33.0,0.0,0.0,0.0,0.0,0.0,1.0
452.0,6.8,2387.0,77.0,1456.0,55.0,1.0,0.0,0.0,0.0,0.0,0.0
412.0,6.2,1899.0,78.0,1384.0,19.0,0.0,1.0,0.0,0.0,0.0,0.0
260.0,6.0,1361.0,44.0,889.0,37.0,0.0,0.0,1.0,0.0,0.0,0.0
197.0,4.6,1660.0,59.0,975.0,25.0,0.0,0.0,1.0,0.0,0.0,1.0
278.0,4.7,1484.0,55.0,917.0,21.0,0.0,0.0,0.0,0.0,0.0,1.0
46.0,2.0,457.0,14.0,105.0,58.0,0.0,0.0,0.0,0.0,0.0,1.0
593.0,10.2,2499.0,81.0,1616.0,38.0,0.0,0.0,1.0,0.0,0.0,0.0
32.0,1.2,580.0,19.0,153.0,20.0,0.0,1.0,0.0,0.0,0.0,0.0
122.0,3.3,755.0,30.0,573.0,26.0,0.0,0.0,0.0,1.0,1.0,1.0
522.0,11.2,2808.0,93.0,2328.0,24.0,0.0,1.0,0.0,0.0,0.0,1.0
473.0,6.4,2312.0,74.0,1400.0,40.0,1.0,0.0,0.0,0.0,0.0,1.0
398.0,6.2,1851.0,77.0,1180.0,23.0,0.0,1.0,0.0,0.0,0.0,1.0
240.0,4.7,1464.0,52.0,708.0,56.0,0.0,0.0,1.0,0.0,0.0,0.0
576.0,10.1,2447.0,83.0,2323.0,33.0,1.0,0.0,0.0,0.0,0.0,1.0
120.0,2.1,720.0,39.0,392.0,43.0,0.0,1.0,0.0,0.0,0.0,1.0
152.0,3.7,993.0,32.0,429.0,18.0,0.0,1.0,0.0,0.0,0.0,1.0
138.0,2.4,837.0,21.0,572.0,56.0,0.0,0.0,1.0,0.0,0.0,0.0
502.0,10.9,2476.0,96.0,1935.0,39.0,0.0,0.0,1.0,0.0,0.0,1.0
558.0,8.4,2447.0,97.0,1594.0,22.0,1.0,0.0,0.0,0.0,0.0,0.0
138.0,3.6,889.0,25.0,323.0,27.0,0.0,1.0,0.0,0.0,0.0,0.0
580.0,8.2,2623.0,90.0,2262.0,49.0,0.0,0.0,0.0,0.0,0.0,1.0
589.0,8.7,2736.0,82.0,1997.0,49.0,1.0,0.0,0.0,0.0,0.0,1.0
452.0,7.4,2180.0,61.0,1417.0,54.0,0.0,0.0,1.0,0.0,0.0,0.0
245.0,5.9,1243.0,52.0,885.0,29.0,0.0,0.0,1.0,0.0,0.0,1.0
125.0,2.7,690.0,28.0,393.0,27.0,0.0,1.0,0.0,0.0,0.0,0.0
97.0,2.2,1101.0,38.0,375.0,53.0,0.0,0.0,1.0,0.0,0.0,1.0
516.0,8.7,2857.0,83.0,2189.0,53.0,0.0,0.0,0.0,0.0,0.0,0.0
68.0,1.6,450.0,14.0,111.0,30.0,0.0,0.0,0.0,1.0,1.0,1.0
64.0,1.1,572.0,10.0,161.0,42.0,1.0,0.0,0.0,0.0,0.0,0.0
539.0,8.4,2796.0,89.0,2415.0,26.0,1.0,0.0,0.0,0.0,0.0,1.0
428.0,7.0,2306.0,75.0,1144.0,22.0,0.0,0.0,1.0,0.0,0.0,1.0
325.0,7.1,2269.0,64.0,1053.0,56.0,0.0,0.0,0.0,1.0,1.0,1.0
522.0,11.9,2798.0,85.0,1663.0,28.0,0.0,0.0,1.0,0.0,0.0,0.0
309.0,7.5,2292.0,77.0,1253.0,57.0,0.0,0.0,1.0,0.0,0.0,0.0
79.0,1.9,493.0,14.0,128.0,55.0,0.0,0.0,1.0,0.0,0.0,1.0
545.0,11.5,2911.0,87.0,1717.0,21.0,0.0,0.0,1.0,0.0,0.0,0.0
459.0,7.0,1982.0,67.0,1091.0,43.0,0.0,1.0,0.0,0.0,0.0,1.0
225.0,4.0,1420.0,48.0,917.0,56.0,0.0,0.0,0.0,1.0,1.0,1.0
257.0,4.5,1705.0,57.0,912.0,55.0,0.0,0.0,0.0,1.0,1.0,1.0
134.0,4.0,773.0,35.0,449.0,28.0,0.0,0.0,1.0,0.0,0.0,0.0
516.0,10.2,2932.0,98.0,1547.0,31.0,0.0,0.0,0.0,1.0,1.0,1.0
82.0,1.7,558.0,16.0,284.0,29.0,0.0,0.0,0.0,0.0,0.0,0.0
452.0,7.2,1808.0,64.0,1090.0,45.0,0.0,1.0,0.0,0.0,0.0,0.0
521.0,9.0,2902.0,97.0,1701.0,37.0,0.0,0.0,0.0,1.0,1.0,1.0
457.0,6.3,2347.0,66.0,1082.0,22.0,0.0,0.0,0.0,0.0,0.0,1.0
31.0,1.1,585.0,11.0,208.0,50.0,0.0,0.0,1.0,0.0,0.0,0.0
47.0,2.0,476.0,14.0,125.0,39.0,0.0,0.0,0.0,1.0,1.0,1.0
229.0,5.7,1305.0,43.0,985.0,23.0,0.0,0.0,1.0,0.0,0.0,0.0
34.0,2.0,558.0,14.0,122.0,54.0,0.0,0.0,1.0,0.0,0.0,0.0
173.0,2.5,678.0,29.0,301.0,30.0,0.0,0.0,0.0,0.0,0.0,0.0
78.0,1.8,333.0,17.0,138.0,51.0,0.0,1.0,0.0,0.0,0.0,0.0
230.0,5.7,1254.0,52.0,989.0,34.0,0.0,0.0,0.0,0.0,0.0,0.0
565.0,10.6,2475.0,99.0,1603.0,51.0,1.0,0.0,0.0,0.0,0.0,0.0
172.0,2.8,1035.0,22.0,549.0,41.0,0.0,0.0,0.0,1.0,1.0,1.0
330.0,7.2,2363.0,77.0,1133.0,21.0,0.0,0.0,1.0,0.0,0.0,0.0
39.0,1.8,368.0,11.0,105.0,19.0,0.0,0.0,1.0,0.0,0.0,1.0
223.0,4.5,1311.0,56.0,695.0,33.0,0.0,0.0,0.0,0.0,0.0,0.0
404.0,7.4,2081.0,63.0,1352.0,44.0,0.0,0.0,0.0,0.0,0.0,1.0
151.0,2.4,1003.0,25.0,392.0,39.0,0.0,1.0,0.0,0.0,0.0,1.0
34.0,1.5,345.0,11.0,276.0,44.0,0.0,1.0,0.0,0.0,0.0,1.0
137.0,3.3,839.0,31.0,348.0,34.0,0.0,0.0,1.0,0.0,0.0,0.0
301.0,6.2,2053.0,75.0,1303.0,45.0,0.0,1.0,0.0,0.0,0.0,1.0
116.0,2.1,912.0,39.0,307.0,40.0,0.0,0.0,0.0,0.0,0.0,0.0
291.0,4.1,1474.0,46.0,827.0,32.0,0.0,0.0,0.0,0.0,0.0,0.0
84.0,1.4,501.0,16.0,284.0,56.0,0.0,0.0,0.0,1.0,1.0,0.0
134.0,2.5,1125.0,24.0,367.0,35.0,0.0,0.0,0.0,1.0,1.0,1.0
411.0,7.5,2169.0,72.0,1083.0,58.0,0.0,1.0,0.0,0.0,0.0,1.0
326.0,7.2,2243.0,73.0,1454.0,50.0,0.0,0.0,1.0,0.0,0.0,1.0
550.0,9.5,2916.0,91.0,1946.0,20.0,0.0,0.0,0.0,1.0,1.0,1.0
516.0,12.0,2406.0,82.0,1968.0,28.0,1.0,0.0,0.0,0.0,0.0,0.0
59.0,1.2,361.0,18.0,293.0,25.0,0.0,0.0,0.0,0.0,0.0,0.0
225.0,5.5,1526.0,44.0,875.0,50.0,1.0,0.0,0.0,0.0,0.0,0.0
41.0,1.1,389.0,15.0,136.0,53.0,0.0,0.0,0.0,0.0,0.0,1.0
183.0,4.1,1210.0,45.0,738.0,19.0,1.0,0.0,0.0,0.0,0.0,1.0
174.0,2.5,929.0,37.0,565.0,32.0,0.0,0.0,0.0,0.0,0.0,0.0
274.0,4.2,1781.0,52.0,934.0,28.0,0.0,0.0,1.0,0.0,0.0,1.0
166.0,2.8,1113.0,28.0,360.0,25.0,0.0,0.0,1.0,0.0,0.0,1.0
66.0,1.2,585.0,12.0,264.0,36.0,0.0,0.0,1.0,0.0,0.0,1.0
152.0,2.7,642.0,38.0,596.0,55.0,0.0,0.0,0.0,0.0,0.0,1.0
54.0,1.4,403.0,17.0,278.0,23.0,0.0,0.0,0.0,0.0,0.0,0.0
187.0,5.5,1754.0,55.0,711.0,50.0,0.0,0.0,1.0,0.0,0.0,0.0
216.0,6.0,1641.0,41.0,889.0,39.0,1.0,0.0,0.0,0.0,0.0,0.0
95.0,3.8,718.0,26.0,459.0,41.0,1.0,0.0,0.0,0.0,0.0,0.0
488.0,8.6,2447.0,84.0,2344.0,19.0,0.0,0.0,1.0,0.0,0.0,1.0
295.0,5.1,1483.0,45.0,748.0,27.0,0.0,0.0,0.0,0.0,0.0,0.0
136.0,3.2,818.0,33.0,404.0,42.0,0.0,1.0,0.0,0.0,0.0,1.0
471.0,7.9,2156.0,76.0,1324.0,54.0,0.0,0.0,1.0,0.0,0.0,0.0
121.0,3.2,651.0,34.0,596.0,39.0,0.0,0.0,0.0,1.0,1.0,1.0
75.0,1.2,409.0,13.0,281.0,18.0,0.0,0.0,0.0,1.0,1.0,1.0
220.0,5.2,1631.0,49.0,909.0,27.0,0.0,0.0,0.0,1.0,1.0,0.0
82.0,1.6,590.0,13.0,124.0,28.0,0.0,1.0,0.0,0.0,0.0,0.0
97.0,2.7,1018.0,37.0,428.0,41.0,0.0,0.0,0.0,0.0,0.0,1.0
388.0,6.6,2085.0,71.0,1150.0,45.0,0.0,1.0,0.0,0.0,0.0,0.0
529.0,8.7,2484.0,89.0,2189.0,39.0,1.0,0.0,0.0,0.0,0.0,0.0
584.0,10.0,2541.0,99.0,2391.0,49.0,0.0,0.0,0.0,0.0,0.0,0.0
529.0,8.1,2686.0,96.0,1924.0,35.0,0.0,0.0,0.0,0.0,0.0,1.0
227.0,5.1,1702.0,57.0,714.0,21.0,0.0,0.0,0.0,0.0,0.0,1.0
535.0,11.8,2858.0,99.0,2378.0,50.0,0.0,1.0,0.0,0.0,0.0,1.0
332.0,7.4,2149.0,68.0,1321.0,20.0,0.0,0.0,0.0,1.0,1.0,0.0
252.0,4.2,1439.0,45.0,667.0,50.0,0.0,0.0,0.0,0.0,0.0,0.0
125.0,2.5,678.0,34.0,465.0,31.0,0.0,0.0,1.0,0.0,0.0,1.0
97.0,3.3,751.0,39.0,412.0,36.0,0.0,0.0,1.0,0.0,0.0,0.0
540.0,10.8,2923.0,90.0,1886.0,40.0,0.0,0.0,0.0,0.0,0.0,1.0
320.0,7.2,2056.0,69.0,1226.0,52.0,0.0,0.0,1.0,0.0,0.0,0.0
176.0,3.6,1193.0,30.0,458.0,40.0,0.0,0.0,0.0,0.0,0.0,0.0
79.0,1.0,313.0,18.0,139.0,42.0,0.0,1.0,0.0,0.0,0.0,1.0
83.0,1.6,303.0,19.0,285.0,51.0,0.0,0.0,1.0,0.0,0.0,1.0
555.0,11.3,2528.0,90.0,1856.0,55.0,0.0,0.0,0.0,1.0,1.0,0.0
66.0,1.7,375.0,16.0,216.0,39.0,0.0,1.0,0.0,0.0,0.0,1.0
237.0,4.5,1368.0,42.0,868.0,24.0,0.0,0.0,1.0,0.0,0.0,0.0
497.0,9.7,2876.0,94.0,2076.0,18.0,0.0,1.0,0.0,0.0,0.0,1.0
516.0,11.1,2429.0,91.0,1796.0,53.0,0.0,0.0,0.0,0.0,0.0,1.0
219.0,5.2,1510.0,42.0,655.0,50.0,0.0,0.0,1.0,0.0,0.0,0.0
448.0,6.3,2044.0,71.0,1337.0,51.0,0.0,0.0,0.0,0.0,0.0,1.0
156.0,2.2,896.0,37.0,429.0,57.0,0.0,0.0,0.0,1.0,1.0,0.0
68.0,1.1,528.0,12.0,201.0,29.0,0.0,1.0,0.0,0.0,0.0,1.0
524.0,11.2,2417.0,90.0,2069.0,29.0,0.0,0.0,0.0,1.0,1.0,0.0
188.0,5.3,1281.0,45.0,974.0,35.0,0.0,0.0,0.0,1.0,1.0,1.0
443.0,7.4,2289.0,73.0,1026.0,33.0,0.0,1.0,0.0,0.0,0.0,1.0
52.0,1.6,385.0,19.0,234.0,24.0,0.0,0.0,1.0,0.0,0.0,1.0
228.0,4.2,1677.0,58.0,823.0,56.0,1.0,0.0,0.0,0.0,0.0,1.0
149.0,3.7,873.0,34.0,459.0,51.0,0.0,0.0,0.0,0.0,0.0,1.0
523.0,9.4,2583.0,92.0,1539.0,21.0,0.0,0.0,0.0,1.0,1.0,1.0
42.0,1.6,315.0,19.0,207.0,52.0,0.0,1.0,0.0,0.0,0.0,0.0
120.0,2.0,741.0,38.0,396.0,56.0,0.0,0.0,0.0,0.0,0.0,0.0
329.0,7.5,2277.0,72.0,1185.0,27.0,1.0,0.0,0.0,0.0,0.0,0.0
68.0,1.5,364.0,10.0,102.0,31.0,0.0,0.0,1.0,0.0,0.0,0.0
158.0,3.4,893.0,36.0,493.0,32.0,0.0,0.0,1.0,0.0,0.0,1.0
86.0,1.7,439.0,19.0,136.0,54.0,0.0,0.0,1.0,0.0,0.0,1.0
339.0,7.8,2102.0,71.0,1062.0,51.0,0.0,0.0,1.0,0.0,0.0,1.0
304.0,6.5,2375.0,79.0,1493.0,51.0,0.0,1.0,0.0,0.0,0.0,1.0
131.0,2.4,859.0,26.0,305.0,40.0,0.0,0.0,1.0,0.0,0.0,1.0
64.0,1.6,540.0,19.0,262.0,35.0,0.0,1.0,0.0,0.0,0.0,0.0
53.0,1.9,526.0,15.0,112.0,42.0,0.0,0.0,1.0,0.0,0.0,1.0
442.0,7.7,2067.0,69.0,1440.0,45.0,0.0,0.0,0.0,0.0,0.0,1.0
32.0,2.0,469.0,18.0,139.0,22.0,0.0,0.0,0.0,1.0,1.0,1.0
278.0,4.8,1238.0,48.0,851.0,43.0,0.0,0.0,1.0,0.0,0.0,0.0
540.0,8.4,2993.0,98.0,1540.0,49.0,0.0,0.0,1.0,0.0,0.0,0.0
595.0,11.3,2968.0,88.0,2366.0,30.0,0.0,0.0,0.0,0.0,0.0,1.0
35.0,1.5,467.0,10.0,158.0,58.0,0.0,0.0,0.0,0.0,0.0,1.0
225.0,5.4,1370.0,44.0,791.0,55.0,0.0,0.0,0.0,0.0,0.0,0.0
587.0,11.8,2431.0,90.0,1894.0,47.0,0.0,0.0,0.0,0.0,0.0,1.0
92.0,3.7,1124.0,27.0,524.0,44.0,0.0,0.0,1.0,0.0,0.0,1.0
46.0,1.1,487.0,17.0,208.0,23.0,0.0,0.0,0.0,0.0,0.0,1.0
153.0,2.8,935.0,25.0,578.0,37.0,1.0,0.0,0.0,0.0,0.0,0.0
368.0,6.6,1817.0,72.0,1406.0,27.0,0.0,0.0,0.0,1.0,1.0,0.0
51.0,1.6,509.0,11.0,113.0,29.0,0.0,0.0,1.0,0.0,0.0,0.0
279.0,5.2,1660.0,47.0,629.0,50.0,0.0,0.0,0.0,0.0,0.0,0.0
255.0,5.4,1738.0,42.0,826.0,21.0,0.0,0.0,1.0,0.0,0.0,1.0
193.0,5.7,1471.0,51.0,972.0,31.0,0.0,1.0,0.0,0.0,0.0,0.0
207.0,5.7,1582.0,52.0,692.0,38.0,0.0,0.0,1.0,0.0,0.0,1.0
539.0,11.9,2853.0,83.0,2007.0,55.0,0.0,0.0,0.0,1.0,1.0,1.0
151.0,2.4,1124.0,38.0,571.0,33.0,1.0,0.0,0.0,0.0,0.0,1.0
474.0,6.4,2109.0,68.0,1079.0,24.0,0.0,0.0,0.0,0.0,0.0,1.0
544.0,9.2,2936.0,83.0,2416.0,47.0,0.0,0.0,0.0,1.0,1.0,0.0
73.0,1.2,308.0,15.0,275.0,39.0,0.0,0.0,0.0,1.0,1.0,0.0
597.0,10.4,2984.0,91.0,1564.0,34.0,0.0,0.0,1.0,0.0,0.0,0.0
498.0,10.7,2738.0,94.0,1995.0,42.0,0.0,0.0,0.0,0.0,0.0,1.0
402.0,7.8,2014.0,79.0,1088.0,34.0,0.0,0.0,0.0,1.0,1.0,0.0
75.0,1.1,379.0,15.0,185.0,37.0,1.0,0.0,0.0,0.0,0.0,1.0
130.0,2.0,602.0,21.0,589.0,30.0,0.0,0.0,0.0,1.0,1.0,0.0
42.0,1.1,402.0,11.0,265.0,32.0,0.0,1.0,0.0,0.0,0.0,0.0
134.0,2.2,917.0,23.0,423.0,23.0,0.0,0.0,0.0,1.0,1.0,1.0
79.0,1.9,477.0,13.0,161.0,24.0,0.0,0.0,0.0,0.0,0.0,1.0
432.0,7.2,1822.0,63.0,1127.0,59.0,0.0,0.0,0.0,1.0,1.0,0.0
262.0,4.1,1287.0,52.0,997.0,36.0,0.0,0.0,0.0,1.0,1.0,1.0
473.0,6.4,2109.0,79.0,1300.0,23.0,0.0,1.0,0.0,0.0,0.0,0.0
202.0,4.7,1512.0,49.0,659.0,45.0,0.0,0.0,0.0,0.0,0.0,0.0
215.0,4.4,1407.0,41.0,991.0,47.0,1.0,0.0,0.0,0.0,0.0,1.0
151.0,3.7,1116.0,32.0,320.0,41.0,1.0,0.0,0.0,0.0,0.0,0.0
80.0,1.6,549.0,14.0,197.0,19.0,1.0,0.0,0.0,0.0,0.0,1.0
126.0,2.8,971.0,32.0,431.0,35.0,0.0,0.0,1.0,0.0,0.0,0.0
495.0,8.9,2920.0,84.0,2252.0,31.0,0.0,1.0,0.0,0.0,0.0,0.0
127.0,3.7,1153.0,35.0,314.0,37.0,0.0,0.0,0.0,1.0,1.0,0.0
88.0,1.3,327.0,11.0,262.0,22.0,0.0,0.0,1.0,0.0,0.0,1.0
69.0,1.6,463.0,16.0,146.0,27.0,0.0,0.0,0.0,0.0,0.0,1.0
100.0,3.3,961.0,21.0,433.0,25.0,1.0,0.0,0.0,0.0,0.0,1.0
301.0,6.5,2084.0,71.0,1421.0,29.0,0.0,0.0,1.0,0.0,0.0,1.0
78.0,1.7,455.0,15.0,207.0,37.0,0.0,0.0,0.0,0.0,0.0,0.0
163.0,3.1,620.0,21.0,419.0,23.0,0.0,0.0,0.0,0.0,0.0,1.0
539.0,9.3,2606.0,92.0,1990.0,41.0,1.0,0.0,0.0,0.0,0.0,1.0
278.0,4.6,1385.0,47.0,823.0,40.0,0.0,0.0,0.0,0.0,0.0,0.0
451.0,6.1,2108.0,76.0,1434.0,25.0,0.0,1.0,0.0,0.0,0.0,0.0
481.0,10.9,2752.0,86.0,2017.0,18.0,0.0,1.0,0.0,0.0,0.0,1.0
133.0,3.4,714.0,38.0,445.0,25.0,0.0,1.0,0.0,0.0,0.0,1.0
41.0,1.1,588.0,10.0,246.0,22.0,0.0,0.0,1.0,0.0,0.0,1.0
152.0,3.3,1175.0,29.0,461.0,42.0,0.0,0.0,0.0,1.0,1.0,0.0
553.0,8.4,2559.0,89.0,2471.0,51.0,1.0,0.0,0.0,0.0,0.0,1.0
402.0,6.9,2282.0,78.0,1397.0,40.0,0.0,0.0,0.0,1.0,1.0,1.0
555.0,9.5,2855.0,95.0,1565.0,24.0,1.0,0.0,0.0,0.0,0.0,1.0
499.0,9.6,2873.0,81.0,1805.0,52.0,0.0,0.0,0.0,1.0,1.0,0.0
101.0,3.2,603.0,28.0,417.0,43.0,0.0,0.0,1.0,0.0,0.0,1.0
433.0,6.8,2093.0,75.0,1300.0,32.0,1.0,0.0,0.0,0.0,0.0,1.0
133.0,2.0,1007.0,31.0,417.0,32.0,1.0,0.0,0.0,0.0,0.0,1.0
351.0,6.1,1941.0,79.0,1290.0,21.0,0.0,0.0,1.0,0.0,0.0,0.0
532.0,10.7,2556.0,83.0,2148.0,53.0,0.0,1.0,0.0,0.0,0.0,0.0
92.0,2.5,690.0,31.0,563.0,27.0,1.0,0.0,0.0,0.0,0.0,1.0
511.0,10.8,2712.0,97.0,2438.0,59.0,0.0,0.0,1.0,0.0,0.0,0.0
384.0,7.0,2185.0,72.0,1376.0,59.0,0.0,0.0,1.0,0.0,0.0,1.0
193.0,5.2,1318.0,49.0,626.0,32.0,0.0,0.0,0.0,1.0,1.0,0.0
132.0,3.8,649.0,25.0,368.0,41.0,0.0,1.0,0.0,0.0,0.0,1.0
360.0,7.3,1946.0,79.0,1164.0,50.0,0.0,1.0,0.0,0.0,0.0,1.0
159.0,2.3,1083.0,32.0,526.0,38.0,0.0,0.0,0.0,1.0,1.0,1.0
495.0,8.9,2855.0,91.0,2150.0,31.0,0.0,0.0,0.0,1.0,1.0,1.0
537.0,10.0,2720.0,83.0,1763.0,35.0,0.0,0.0,1.0,0.0,0.0,1.0
129.0,3.4,1059.0,27.0,580.0,36.0,1.0,0.0,0.0,0.0,0.0,0.0
132.0,3.8,636.0,28.0,529.0,53.0,0.0,0.0,0.0,1.0,1.0,1.0
37.0,1.4,369.0,18.0,295.0,19.0,0.0,0.0,1.0,0.0,0.0,0.0
524.0,8.9,2549.0,88.0,1730.0,20.0,0.0,1.0,0.0,0.0,0.0,0.0
425.0,6.9,2142.0,66.0,1130.0,19.0,1.0,0.0,0.0,0.0,0.0,0.0
64.0,1.7,585.0,13.0,107.0,53.0,1.0,0.0,0.0,0.0,0.0,1.0
573.0,10.8,2711.0,96.0,2118.0,33.0,0.0,0.0,0.0,1.0,1.0,0.0
45.0,1.7,302.0,16.0,191.0,57.0,0.0,0.0,0.0,0.0,0.0,0.0
564.0,11.7,2764.0,81.0,2133.0,37.0,0.0,0.0,1.0,0.0,0.0,0.0
162.0,3.5,761.0,36.0,338.0,51.0,1.0,0.0,0.0,0.0,0.0,1.0
451.0,6.5,2378.0,69.0,1341.0,44.0,0.0,1.0,0.0,0.0,0.0,1.0
30.0,1.3,479.0,16.0,253.0,35.0,1.0,0.0,0.0,0.0,0.0,1.0
202.0,5.0,1542.0,45.0,844.0,29.0,0.0,1.0,0.0,0.0,0.0,1.0
71.0,1.5,590.0,17.0,257.0,33.0,0.0,0.0,0.0,0.0,0.0,1.0
314.0,6.2,2205.0,63.0,1066.0,19.0,0.0,0.0,0.0,0.0,0.0,1.0
168.0,4.0,866.0,22.0,581.0,50.0,0.0,0.0,1.0,0.0,0.0,0.0
75.0,1.9,537.0,13.0,230.0,58.0,0.0,0.0,0.0,0.0,0.0,0.0
42.0,1.4,324.0,13.0,272.0,29.0,1.0,0.0,0.0,0.0,0.0,0.0
441.0,7.9,2332.0,78.0,1477.0,23.0,1.0,0.0,0.0,0.0,0.0,0.0
523.0,10.5,2460.0,99.0,1787.0,22.0,0.0,0.0,0.0,0.0,0.0,1.0
100.0,2.4,982.0,31.0,478.0,48.0,0.0,0.0,1.0,0.0,0.0,0.0
52.0,1.2,398.0,14.0,172.0,24.0,1.0,0.0,0.0,0.0,0.0,0.0
397.0,7.0,2352.0,77.0,1101.0,46.0,1.0,0.0,0.0,0.0,0.0,0.0
424.0,7.7,1863.0,65.0,1116.0,52.0,0.0,0.0,1.0,0.0,0.0,1.0
272.0,5.0,1655.0,45.0,686.0,19.0,0.0,0.0,1.0,0.0,0.0,0.0
201.0,4.0,1791.0,50.0,914.0,18.0,0.0,0.0,1.0,0.0,0.0,1.0
570.0,9.0,2613.0,98.0,2497.0,49.0,0.0,0.0,1.0,0.0,0.0,0.0
64.0,1.3,490.0,14.0,151.0,43.0,0.0,0.0,1.0,0.0,0.0,0.0
334.0,6.6,2394.0,68.0,1227.0,46.0,0.0,0.0,0.0,1.0,1.0,0.0
518.0,9.6,2954.0,93.0,2125.0,34.0,0.0,0.0,0.0,1.0,1.0,0.0
70.0,1.7,359.0,10.0,109.0,57.0,0.0,1.0,0.0,0.0,0.0,1.0
334.0,6.8,2000.0,77.0,1079.0,40.0,0.0,0.0,0.0,1.0,1.0,0.0
563.0,8.4,2849.0,85.0,1508.0,25.0,0.0,0.0,1.0,0.0,0.0,1.0
181.0,4.1,1608.0,43.0,752.0,22.0,0.0,0.0,0.0,1.0,1.0,0.0
584.0,9.4,2766.0,84.0,2151.0,32.0,1.0,0.0,0.0,0.0,0.0,1.0
208.0,4.7,1642.0,45.0,861.0,55.0,0.0,1.0,0.0,0.0,0.0,1.0
381.0,6.6,2160.0,69.0,1450.0,20.0,0.0,1.0,0.0,0.0,0.0,1.0
426.0,6.5,1969.0,78.0,1266.0,53.0,0.0,0.0,1.0,0.0,0.0,0.0
284.0,4.2,1360.0,56.0,888.0,51.0,1.0,0.0,0.0,0.0,0.0,1.0
105.0,2.2,1002.0,29.0,453.0,31.0,0.0,0.0,0.0,0.0,0.0,0.0
179.0,2.3,1014.0,32.0,588.0,38.0,0.0,0.0,0.0,0.0,0.0,1.0
122.0,2.6,639.0,37.0,568.0,35.0,0.0,0.0,0.0,1.0,1.0,1.0
501.0,11.9,2702.0,88.0,1738.0,49.0,1.0,0.0,0.0,0.0,0.0,1.0
269.0,5.9,1666.0,42.0,629.0,32.0,0.0,0.0,1.0,0.0,0.0,0.0
230.0,4.4,1607.0,52.0,878.0,54.0,0.0,0.0,0.0,0.0,0.0,1.0
85.0,1.6,417.0,12.0,122.0,47.0,0.0,0.0,1.0,0.0,0.0,1.0
411.0,7.8,2029.0,75.0,1136.0,33.0,0.0,1.0,0.0,0.0,0.0,0.0
73.0,1.7,403.0,12.0,163.0,51.0,0.0,1.0,0.0,0.0,0.0,1.0
39.0,1.7,530.0,11.0,268.0,26.0,0.0,0.0,1.0,0.0,0.0,0.0
386.0,7.7,2114.0,72.0,1209.0,51.0,0.0,0.0,0.0,1.0,1.0,1.0
49.0,1.3,542.0,16.0,169.0,54.0,0.0,0.0,0.0,0.0,0.0,0.0
411.0,6.9,1820.0,70.0,1024.0,43.0,0.0,0.0,0.0,0.0,0.0,1.0
534.0,10.8,2805.0,90.0,1538.0,37.0,1.0,0.0,0.0,0.0,0.0,1.0
314.0,7.4,2136.0,64.0,1376.0,47.0,0.0,1.0,0.0,0.0,0.0,0.0
211.0,4.0,1519.0,54.0,811.0,29.0,0.0,0.0,1.0,0.0,0.0,0.0
121.0,3.7,619.0,36.0,473.0,47.0,1.0,0.0,0.0,0.0,0.0,1.0
84.0,1.2,415.0,10.0,146.0,50.0,0.0,0.0,0.0,0.0,0.0,1.0
448.0,7.6,2199.0,66.0,1047.0,28.0,1.0,0.0,0.0,0.0,0.0,1.0
55.0,1.6,360.0,19.0,149.0,30.0,0.0,0.0,0.0,0.0,0.0,1.0
59.0,1.8,497.0,10.0,208.0,36.0,0.0,0.0,0.0,0.0,0.0,0.0
226.0,4.5,1781.0,45.0,649.0,27.0,0.0,0.0,1.0,0.0,0.0,0.0
580.0,8.5,2660.0,87.0,1795.0,52.0,0.0,1.0,0.0,0.0,0.0,1.0
65.0,1.8,481.0,18.0,130.0,41.0,1.0,0.0,0.0,0.0,0.0,1.0
458.0,6.6,2214.0,67.0,1163.0,31.0,1.0,0.0,0.0,0.0,0.0,0.0
170.0,2.7,805.0,26.0,344.0,53.0,0.0,0.0,0.0,1.0,1.0,0.0
264.0,5.2,1641.0,44.0,778.0,44.0,0.0,0.0,0.0,1.0,1.0,1.0
122.0,3.3,748.0,35.0,499.0,59.0,0.0,0.0,1.0,0.0,0.0,0.0
420.0,6.5,2113.0,65.0,1314.0,35.0,0.0,0.0,1.0,0.0,0.0,1.0
267.0,4.4,1505.0,59.0,971.0,38.0,0.0,0.0,0.0,1.0,1.0,0.0
469.0,6.0,2290.0,67.0,1086.0,34.0,0.0,0.0,0.0,1.0,1.0,0.0
541.0,11.4,2443.0,89.0,1923.0,34.0,0.0,0.0,0.0,1.0,1.0,0.0
155.0,2.9,1117.0,22.0,322.0,19.0,0.0,0.0,0.0,1.0,1.0,0.0
106.0,2.8,686.0,32.0,594.0,27.0,1.0,0.0,0.0,0.0,0.0,1.0
243.0,5.0,1232.0,47.0,877.0,43.0,1.0,0.0,0.0,0.0,0.0,1.0
410.0,7.5,2176.0,68.0,1213.0,45.0,1.0,0.0,0.0,0.0,0.0,0.0
285.0,5.1,1226.0,57.0,666.0,20.0,0.0,0.0,0.0,1.0,1.0,0.0
397.0,6.8,2027.0,66.0,1167.0,40.0,1.0,0.0,0.0,0.0,0.0,1.0
230.0,4.2,1507.0,51.0,868.0,25.0,0.0,1.0,0.0,0.0,0.0,0.0
341.0,7.2,2397.0,68.0,1055.0,32.0,0.0,0.0,0.0,1.0,1.0,0.0
132.0,2.9,1054.0,32.0,563.0,20.0,0.0,0.0,0.0,0.0,0.0,1.0
130.0,3.0,820.0,21.0,308.0,49.0,0.0,0.0,1.0,0.0,0.0,0.0
281.0,4.9,1566.0,59.0,632.0,29.0,0.0,0.0,0.0,1.0,1.0,1.0
74.0,2.0,320.0,11.0,103.0,55.0,1.0,0.0,0.0,0.0,0.0,0.0
299.0,4.3,1737.0,43.0,953.0,42.0,1.0,0.0,0.0,0.0,0.0,0.0
116.0,2.2,827.0,29.0,434.0,28.0,0.0,0.0,0.0,0.0,0.0,0.0
408.0,6.6,2026.0,63.0,1076.0,47.0,1.0,0.0,0.0,0.0,0.0,0.0
508.0,11.3,2590.0,81.0,2481.0,51.0,0.0,0.0,0.0,0.0,0.0,1.0
227.0,4.4,1275.0,56.0,984.0,22.0,0.0,0.0,0.0,1.0,1.0,0.0
274.0,6.0,1489.0,56.0,666.0,57.0,0.0,0.0,0.0,0.0,0.0,0.0
347.0,6.3,2001.0,61.0,1456.0,21.0,0.0,0.0,0.0,0.0,0.0,0.0
76.0,1.3,490.0,14.0,156.0,31.0,0.0,0.0,1.0,0.0,0.0,0.0
445.0,7.5,2007.0,78.0,1115.0,23.0,0.0,0.0,0.0,1.0,1.0,1.0
203.0,4.3,1554.0,54.0,638.0,25.0,1.0,0.0,0.0,0.0,0.0,0.0
199.0,6.0,1707.0,57.0,881.0,55.0,0.0,1.0,0.0,0.0,0.0,1.0
48.0,2.0,574.0,18.0,127.0,24.0,1.0,0.0,0.0,0.0,0.0,0.0
88.0,1.6,420.0,12.0,274.0,31.0,1.0,0.0,0.0,0.0,0.0,0.0
541.0,8.3,2865.0,89.0,1820.0,42.0,0.0,0.0,0.0,1.0,1.0,0.0
233.0,4.6,1534.0,49.0,796.0,21.0,0.0,0.0,0.0,0.0,0.0,0.0
176.0,3.8,727.0,36.0,362.0,47.0,0.0,0.0,0.0,1.0,1.0,0.0
191.0,6.0,1762.0,45.0,904.0,54.0,1.0,0.0,0.0,0.0,0.0,1.0
461.0,7.5,2001.0,69.0,1324.0,34.0,0.0,0.0,0.0,0.0,0.0,0.0
37.0,1.5,375.0,18.0,246.0,46.0,0.0,1.0,0.0,0.0,0.0,0.0
531.0,9.8,2905.0,99.0,1632.0,45.0,1.0,0.0,0.0,0.0,0.0,0.0
473.0,7.9,2292.0,62.0,1472.0,44.0,0.0,1.0,0.0,0.0,0.0,1.0
30.0,1.3,561.0,15.0,252.0,34.0,0.0,1.0,0.0,0.0,0.0,1.0
306.0,6.1,2267.0,70.0,1449.0,46.0,0.0,0.0,0.0,1.0,1.0,1.0
64.0,1.2,590.0,13.0,155.0,30.0,0.0,0.0,0.0,1.0,1.0,1.0
75.0,1.0,435.0,13.0,223.0,43.0,0.0,0.0,0.0,1.0,1.0,1.0
597.0,10.3,2718.0,90.0,1863.0,26.0,0.0,0.0,0.0,1.0,1.0,0.0
529.0,10.5,2971.0,87.0,1683.0,56.0,0.0,0.0,0.0,1.0,1.0,1.0
290.0,6.0,1533.0,54.0,645.0,57.0,0.0,0.0,0.0,1.0,1.0,0.0
256.0,5.8,1309.0,52.0,840.0,43.0,0.0,0.0,0.0,1.0,1.0,1.0
308.0,7.7,1974.0,73.0,1431.0,37.0,0.0,0.0,0.0,1.0,1.0,0.0
156.0,3.3,1020.0,38.0,447.0,57.0,1.0,0.0,0.0,0.0,0.0,0.0
62.0,1.4,542.0,18.0,266.0,46.0,0.0,1.0,0.0,0.0,0.0,1.0
156.0,3.8,866.0,34.0,510.0,26.0,0.0,0.0,0.0,0.0,0.0,1.0
303.0,7.4,2314.0,66.0,1387.0,34.0,0.0,1.0,0.0,0.0,0.0,1.0
463.0,6.9,2111.0,73.0,1463.0,54.0,0.0,1.0,0.0,0.0,0.0,1.0
60.0,1.5,593.0,14.0,281.0,35.0,0.0,0.0,0.0,0.0,0.0,0.0
225.0,4.6,1230.0,52.0,954.0,20.0,0.0,0.0,0.0,0.0,0.0,0.0
379.0,7.5,1823.0,68.0,1075.0,53.0,0.0,1.0,0.0,0.0,0.0,0.0
53.0,1.4,455.0,14.0,106.0,54.0,1.0,0.0,0.0,0.0,0.0,0.0
30.0,1.9,574.0,19.0,287.0,45.0,0.0,1.0,0.0,0.0,0.0,1.0
291.0,4.1,1326.0,51.0,905.0,55.0,0.0,0.0,0.0,1.0,1.0,0.0
488.0,9.5,2840.0,92.0,1986.0,48.0,0.0,0.0,0.0,1.0,1.0,0.0
74.0,2.0,366.0,13.0,253.0,44.0,0.0,0.0,0.0,0.0,0.0,0.0
230.0,4.6,1325.0,55.0,845.0,54.0,0.0,1.0,0.0,0.0,0.0,0.0
517.0,11.8,2435.0,86.0,2208.0,26.0,0.0,1.0,0.0,0.0,0.0,1.0
557.0,10.4,2900.0,97.0,1609.0,22.0,1.0,0.0,0.0,0.0,0.0,1.0
78.0,1.5,341.0,11.0,259.0,38.0,0.0,0.0,1.0,0.0,0.0,0.0
321.0,7.9,2159.0,64.0,1499.0,45.0,0.0,0.0,0.0,1.0,1.0,1.0
579.0,8.6,2539.0,84.0,1935.0,34.0,0.0,0.0,1.0,0.0,0.0,1.0
382.0,7.2,1965.0,67.0,1341.0,22.0,1.0,0.0,0.0,0.0,0.0,1.0
516.0,11.6,2464.0,82.0,1767.0,29.0,0.0,0.0,1.0,0.0,0.0,0.0
598.0,11.2,2876.0,85.0,2477.0,58.0,1.0,0.0,0.0,0.0,0.0,0.0
102.0,3.9,747.0,36.0,408.0,49.0,1.0,0.0,0.0,0.0,0.0,0.0
165.0,2.4,816.0,35.0,503.0,34.0,0.0,0.0,0.0,1.0,1.0,1.0
558.0,9.8,2765.0,83.0,1548.0,25.0,0.0,0.0,0.0,1.0,1.0,0.0
561.0,10.6,2547.0,86.0,1823.0,22.0,0.0,0.0,0.0,0.0,0.0,1.0
511.0,10.9,2514.0,91.0,2335.0,59.0,0.0,1.0,0.0,0.0,0.0,0.0
560.0,11.3,2947.0,95.0,1663.0,25.0,0.0,0.0,0.0,0.0,0.0,0.0
69.0,1.3,434.0,12.0,164.0,42.0,1.0,0.0,0.0,0.0,0.0,1.0
44.0,1.1,531.0,17.0,232.0,26.0,1.0,0.0,0.0,0.0,0.0,1.0
65.0,1.7,490.0,17.0,122.0,51.0,0.0,0.0,0.0,1.0,1.0,0.0
458.0,6.0,1875.0,63.0,1072.0,31.0,0.0,0.0,0.0,0.0,0.0,0.0
525.0,10.8,2445.0,99.0,1623.0,57.0,0.0,1.0,0.0,0.0,0.0,1.0
106.0,3.0,922.0,22.0,313.0,51.0,1.0,0.0,0.0,0.0,0.0,1.0
188.0,4.6,1767.0,47.0,653.0,34.0,0.0,0.0,0.0,1.0,1.0,1.0
493.0,10.4,2453.0,99.0,1813.0,39.0,0.0,0.0,0.0,1.0,1.0,1.0
84.0,1.5,373.0,19.0,299.0,37.0,1.0,0.0,0.0,0.0,0.0,0.0
104.0,2.9,653.0,35.0,322.0,30.0,1.0,0.0,0.0,0.0,0.0,1.0
102.0,3.0,890.0,38.0,548.0,28.0,0.0,1.0,0.0,0.0,0.0,1.0
349.0,6.6,2041.0,78.0,1096.0,40.0,0.0,0.0,0.0,1.0,1.0,0.0
98.0,2.0,925.0,32.0,457.0,28.0,1.0,0.0,0.0,0.0,0.0,1.0
72.0,1.3,461.0,13.0,199.0,32.0,0.0,1.0,0.0,0.0,0.0,1.0
563.0,11.6,2968.0,92.0,2191.0,34.0,0.0,0.0,1.0,0.0,0.0,0.0
119.0,2.8,775.0,31.0,313.0,50.0,0.0,0.0,1.0,0.0,0.0,0.0
311.0,7.9,2231.0,69.0,1021.0,36.0,1.0,0.0,0.0,0.0,0.0,1.0
337.0,6.1,1901.0,76.0,1359.0,58.0,1.0,0.0,0.0,0.0,0.0,1.0
168.0,3.5,1055.0,29.0,313.0,54.0,0.0,1.0,0.0,0.0,0.0,1.0
331.0,7.4,2129.0,66.0,1459.0,53.0,0.0,0.0,0.0,1.0,1.0,1.0
589.0,9.2,2663.0,84.0,1774.0,45.0,0.0,0.0,0.0,0.0,0.0,0.0
472.0,6.8,2288.0,61.0,1356.0,52.0,0.0,0.0,1.0,0.0,0.0,1.0
78.0,1.1,437.0,14.0,143.0,27.0,0.0,0.0,1.0,0.0,0.0,0.0
517.0,11.6,2798.0,90.0,2175.0,20.0,0.0,0.0,0.0,1.0,1.0,1.0
41.0,1.6,323.0,18.0,221.0,43.0,1.0,0.0,0.0,0.0,0.0,0.0
49.0,1.5,571.0,10.0,203.0,29.0,1.0,0.0,0.0,0.0,0.0,1.0
522.0,11.1,2821.0,86.0,1891.0,42.0,0.0,0.0,1.0,0.0,0.0,1.0
97.0,2.7,612.0,36.0,508.0,53.0,0.0,0.0,0.0,0.0,0.0,1.0
411.0,7.4,1960.0,71.0,1264.0,40.0,0.0,0.0,0.0,1.0,1.0,1.0
566.0,8.6,2595.0,89.0,1657.0,51.0,0.0,1.0,0.0,0.0,0.0,0.0
559.0,8.2,2618.0,84.0,2102.0,22.0,0.0,0.0,0.0,1.0,1.0,0.0
478.0,7.3,2340.0,69.0,1017.0,43.0,0.0,0.0,0.0,0.0,0.0,0.0
147.0,3.2,994.0,33.0,567.0,25.0,0.0,0.0,1.0,0.0,0.0,0.0
395.0,7.3,2291.0,61.0,1049.0,55.0,1.0,0.0,0.0,0.0,0.0,0.0
357.0,7.8,2289.0,74.0,1242.0,22.0,0.0,1.0,0.0,0.0,0.0,0.0
405.0,6.9,2366.0,61.0,1434.0,51.0,0.0,0.0,0.0,0.0,0.0,1.0
501.0,11.8,2790.0,86.0,2074.0,31.0,0.0,1.0,0.0,0.0,0.0,0.0
575.0,8.2,2918.0,88.0,1928.0,50.0,0.0,0.0,1.0,0.0,0.0,1.0
257.0,5.1,1692.0,46.0,769.0,52.0,1.0,0.0,0.0,0.0,0.0,0.0
270.0,5.0,1532.0,51.0,957.0,35.0,0.0,0.0,0.0,1.0,1.0,1.0
116.0,2.0,1171.0,22.0,573.0,33.0,0.0,0.0,0.0,0.0,0.0,0.0
98.0,2.3,608.0,24.0,394.0,56.0,0.0,0.0,0.0,1.0,1.0,1.0
264.0,5.1,1293.0,52.0,737.0,27.0,0.0,0.0,1.0,0.0,0.0,0.0
572.0,11.7,2655.0,91.0,2481.0,57.0,0.0,1.0,0.0,0.0,0.0,0.0
202.0,4.9,1549.0,43.0,964.0,27.0,0.0,0.0,1.0,0.0,0.0,0.0
83.0,1.4,454.0,11.0,228.0,46.0,0.0,0.0,0.0,1.0,1.0,1.0
32.0,1.4,416.0,12.0,198.0,56.0,0.0,0.0,0.0,1.0,1.0,1.0
168.0,3.2,716.0,38.0,414.0,43.0,0.0,0.0,0.0,1.0,1.0,1.0
416.0,6.1,2115.0,71.0,1041.0,22.0,0.0,0.0,0.0,1.0,1.0,0.0
46.0,1.1,536.0,18.0,167.0,28.0,0.0,0.0,1.0,0.0,0.0,0.0
201.0,5.0,1482.0,59.0,709.0,24.0,1.0,0.0,0.0,0.0,0.0,1.0
130.0,2.8,1062.0,24.0,579.0,37.0,0.0,1.0,0.0,0.0,0.0,1.0
98.0,2.4,747.0,36.0,403.0,44.0,1.0,0.0,0.0,0.0,0.0,0.0
105.0,3.8,967.0,28.0,489.0,51.0,1.0,0.0,0.0,0.0,0.0,1.0
94.0,2.3,1033.0,33.0,369.0,58.0,0.0,0.0,1.0,0.0,0.0,1.0
540.0,10.1,2757.0,90.0,2180.0,37.0,0.0,0.0,1.0,0.0,0.0,1.0
266.0,5.5,1238.0,59.0,839.0,22.0,0.0,0.0,0.0,1.0,1.0,1.0
140.0,3.8,1137.0,36.0,506.0,53.0,0.0,0.0,0.0,1.0,1.0,1.0
534.0,10.4,2672.0,90.0,1702.0,51.0,0.0,0.0,0.0,0.0,0.0,1.0
46.0,2.0,309.0,15.0,116.0,42.0,1.0,0.0,0.0,0.0,0.0,1.0
581.0,8.4,2591.0,99.0,2304.0,58.0,0.0,0.0,0.0,1.0,1.0,1.0
105.0,3.4,798.0,21.0,467.0,34.0,0.0,0.0,1.0,0.0,0.0,0.0
221.0,4.4,1341.0,46.0,862.0,20.0,1.0,0.0,0.0,0.0,0.0,1.0
41.0,1.7,408.0,16.0,291.0,34.0,0.0,0.0,0.0,1.0,1.0,1.0
105.0,3.0,728.0,24.0,343.0,52.0,1.0,0.0,0.0,0.0,0.0,0.0
123.0,3.9,915.0,39.0,468.0,18.0,0.0,0.0,0.0,0.0,0.0,1.0
260.0,5.7,1725.0,56.0,920.0,36.0,0.0,0.0,0.0,0.0,0.0,0.0
223.0,5.7,1295.0,44.0,751.0,39.0,0.0,1.0,0.0,0.0,0.0,1.0
66.0,1.1,505.0,17.0,218.0,33.0,0.0,0.0,0.0,0.0,0.0,1.0
231.0,4.0,1664.0,48.0,724.0,29.0,0.0,0.0,0.0,1.0,1.0,0.0
555.0,8.8,2540.0,97.0,2402.0,22.0,0.0,0.0,0.0,1.0,1.0,1.0
378.0,7.2,1859.0,61.0,1318.0,58.0,0.0,1.0,0.0,0.0,0.0,1.0
546.0,8.8,2852.0,81.0,1641.0,24.0,1.0,0.0,0.0,0.0,0.0,1.0
234.0,5.2,1604.0,58.0,919.0,58.0,0.0,1.0,0.0,0.0,0.0,1.0
152.0,3.0,617.0,22.0,306.0,22.0,0.0,1.0,0.0,0.0,0.0,0.0
34.0,1.2,518.0,10.0,170.0,20.0,0.0,0.0,0.0,0.0,0.0,0.0
179.0,3.5,1114.0,30.0,466.0,56.0,0.0,1.0,0.0,0.0,0.0,1.0
591.0,11.8,2953.0,92.0,1903.0,52.0,1.0,0.0,0.0,0.0,0.0,1.0
120.0,3.3,734.0,35.0,583.0,26.0,0.0,1.0,0.0,0.0,0.0,1.0
88.0,1.3,557.0,13.0,164.0,43.0,0.0,0.0,0.0,0.0,0.0,1.0
143.0,3.9,1160.0,24.0,398.0,45.0,0.0,0.0,0.0,1.0,1.0,1.0
74.0,1.6,436.0,13.0,182.0,27.0,0.0,0.0,0.0,1.0,1.0,0.0
74.0,1.6,587.0,15.0,275.0,27.0,0.0,0.0,0.0,1.0,1.0,0.0
234.0,4.7,1707.0,55.0,871.0,46.0,1.0,0.0,0.0,0.0,0.0,1.0
56.0,1.0,547.0,10.0,142.0,58.0,0.0,0.0,0.0,1.0,1.0,0.0
174.0,2.4,639.0,37.0,545.0,50.0,1.0,0.0,0.0,0.0,0.0,1.0
523.0,9.0,2696.0,91.0,1561.0,20.0,0.0,1.0,0.0,0.0,0.0,0.0
123.0,3.3,938.0,36.0,438.0,55.0,0.0,1.0,0.0,0.0,0.0,1.0
216.0,5.9,1789.0,54.0,987.0,55.0,0.0,1.0,0.0,0.0,0.0,1.0
290.0,4.6,1694.0,50.0,809.0,23.0,0.0,0.0,0.0,1.0,1.0,1.0
68.0,1.3,583.0,10.0,281.0,26.0,0.0,0.0,1.0,0.0,0.0,0.0
265.0,4.8,1770.0,51.0,723.0,55.0,1.0,0.0,0.0,0.0,0.0,0.0
414.0,7.3,2349.0,75.0,1092.0,51.0,0.0,1.0,0.0,0.0,0.0,1.0
238.0,4.0,1414.0,47.0,661.0,41.0,0.0,0.0,0.0,0.0,0.0,0.0
429.0,7.5,1921.0,61.0,1102.0,46.0,0.0,0.0,1.0,0.0,0.0,1.0
39.0,1.9,541.0,16.0,294.0,37.0,0.0,0.0,1.0,0.0,0.0,1.0
248.0,4.6,1396.0,52.0,883.0,40.0,0.0,1.0,0.0,0.0,0.0,1.0
541.0,9.4,2452.0,93.0,1811.0,53.0,0.0,0.0,1.0,0.0,0.0,0.0
139.0,3.0,697.0,37.0,513.0,26.0,0.0,0.0,1.0,0.0,0.0,0.0
289.0,5.0,1625.0,45.0,687.0,29.0,0.0,0.0,0.0,1.0,1.0,1.0
210.0,4.9,1657.0,55.0,765.0,49.0,0.0,0.0,1.0,0.0,0.0,0.0
412.0,6.2,2201.0,68.0,1085.0,54.0,0.0,1.0,0.0,0.0,0.0,0.0
318.0,6.6,2089.0,77.0,1126.0,49.0,0.0,0.0,0.0,0.0,0.0,0.0
258.0,4.2,1315.0,44.0,762.0,59.0,0.0,0.0,0.0,1.0,1.0,0.0
258.0,4.3,1759.0,59.0,718.0,41.0,1.0,0.0,0.0,0.0,0.0,0.0
189.0,4.8,1681.0,59.0,795.0,57.0,0.0,1.0,0.0,0.0,0.0,1.0
155.0,2.4,954.0,39.0,441.0,51.0,0.0,0.0,0.0,1.0,1.0,1.0
528.0,10.4,2717.0,87.0,2140.0,34.0,0.0,1.0,0.0,0.0,0.0,1.0
549.0,11.1,2851.0,87.0,1814.0,56.0,0.0,0.0,0.0,1.0,1.0,1.0
78.0,1.6,470.0,18.0,230.0,49.0,0.0,0.0,1.0,0.0,0.0,0.0
444.0,6.0,1873.0,61.0,1093.0,39.0,0.0,0.0,0.0,1.0,1.0,0.0
80.0,1.1,417.0,18.0,298.0,36.0,0.0,0.0,1.0,0.0,0.0,1.0
131.0,3.8,739.0,34.0,330.0,57.0,0.0,0.0,0.0,1.0,1.0,0.0
228.0,4.4,1734.0,46.0,804.0,57.0,0.0,0.0,0.0,1.0,1.0,0.0
416.0,7.3,1882.0,62.0,1333.0,32.0,0.0,0.0,1.0,0.0,0.0,0.0
586.0,9.3,2403.0,94.0,2332.0,21.0,0.0,0.0,0.0,0.0,0.0,1.0
416.0,6.1,2279.0,71.0,1096.0,47.0,0.0,0.0,0.0,0.0,0.0,1.0
152.0,3.7,948.0,22.0,507.0,53.0,0.0,0.0,0.0,1.0,1.0,0.0
87.0,1.5,594.0,19.0,198.0,36.0,0.0,0.0,1.0,0.0,0.0,0.0
329.0,6.8,1892.0,69.0,1383.0,23.0,1.0,0.0,0.0,0.0,0.0,1.0
107.0,2.5,1176.0,24.0,545.0,29.0,0.0,1.0,0.0,0.0,0.0,0.0
493.0,10.9,2928.0,88.0,2116.0,57.0,0.0,0.0,0.0,0.0,0.0,1.0
182.0,4.8,1500.0,51.0,807.0,43.0,0.0,0.0,0.0,1.0,1.0,0.0
102.0,2.9,918.0,37.0,362.0,20.0,0.0,0.0,0.0,1.0,1.0,0.0
274.0,4.5,1356.0,54.0,869.0,53.0,0.0,0.0,0.0,0.0,0.0,1.0
143.0,3.6,988.0,26.0,504.0,45.0,0.0,0.0,0.0,1.0,1.0,0.0
66.0,1.3,369.0,14.0,195.0,32.0,0.0,0.0,0.0,0.0,0.0,1.0
420.0,7.7,2017.0,74.0,1187.0,24.0,0.0,0.0,1.0,0.0,0.0,0.0
582.0,8.4,2664.0,91.0,2493.0,55.0,0.0,0.0,1.0,0.0,0.0,0.0
200.0,5.8,1291.0,50.0,965.0,52.0,0.0,0.0,0.0,0.0,0.0,1.0
493.0,8.5,2859.0,99.0,2450.0,47.0,0.0,0.0,0.0,0.0,0.0,1.0
348.0,6.6,2398.0,66.0,1415.0,49.0,0.0,1.0,0.0,0.0,0.0,0.0
238.0,5.1,1408.0,45.0,941.0,27.0,0.0,0.0,1.0,0.0,0.0,1.0
33.0,2.0,318.0,11.0,173.0,42.0,0.0,0.0,1.0,0.0,0.0,0.0
267.0,5.9,1740.0,45.0,791.0,22.0,0.0,0.0,0.0,0.0,0.0,1.0
492.0,10.0,2513.0,90.0,1968.0,31.0,0.0,0.0,0.0,1.0,1.0,1.0
241.0,5.3,1767.0,58.0,976.0,38.0,0.0,0.0,0.0,0.0,0.0,0.0
567.0,10.8,2911.0,89.0,1682.0,39.0,0.0,1.0,0.0,0.0,0.0,1.0
36.0,1.6,442.0,17.0,249.0,34.0,0.0,1.0,0.0,0.0,0.0,1.0
110.0,3.4,975.0,31.0,507.0,57.0,1.0,0.0,0.0,0.0,0.0,0.0
466.0,7.1,1984.0,73.0,1461.0,54.0,0.0,1.0,0.0,0.0,0.0,1.0
126.0,2.2,1187.0,28.0,599.0,25.0,1.0,0.0,0.0,0.0,0.0,1.0
120.0,3.8,940.0,36.0,535.0,44.0,0.0,0.0,1.0,0.0,0.0,1.0
64.0,1.2,592.0,19.0,218.0,25.0,0.0,0.0,0.0,1.0,1.0,1.0
574.0,8.5,2780.0,87.0,1809.0,34.0,1.0,0.0,0.0,0.0,0.0,0.0
119.0,2.2,1123.0,22.0,371.0,51.0,1.0,0.0,0.0,0.0,0.0,1.0
350.0,6.5,2364.0,75.0,1485.0,20.0,1.0,0.0,0.0,0.0,0.0,1.0
69.0,1.1,535.0,17.0,250.0,25.0,0.0,0.0,0.0,0.0,0.0,1.0
438.0,6.5,1849.0,64.0,1125.0,49.0,0.0,0.0,1.0,0.0,0.0,0.0
506.0,11.2,2623.0,98.0,2460.0,48.0,0.0,1.0,0.0,0.0,0.0,1.0
272.0,5.2,1390.0,45.0,792.0,57.0,0.0,1.0,0.0,0.0,0.0,0.0
224.0,4.5,1646.0,57.0,665.0,59.0,0.0,1.0,0.0,0.0,0.0,1.0
99.0,2.4,689.0,36.0,318.0,29.0,0.0,0.0,0.0,0.0,0.0,0.0
44.0,1.2,466.0,10.0,131.0,57.0,0.0,0.0,0.0,1.0,1.0,0.0
175.0,3.0,801.0,32.0,338.0,24.0,0.0,0.0,0.0,0.0,0.0,1.0
228.0,4.8,1639.0,47.0,796.0,42.0,0.0,0.0,0.0,0.0,0.0,0.0
589.0,11.8,2629.0,86.0,2479.0,43.0,0.0,0.0,1.0,0.0,0.0,0.0
339.0,7.9,1987.0,66.0,1191.0,47.0,1.0,0.0,0.0,0.0,0.0,1.0
431.0,6.4,2206.0,66.0,1200.0,23.0,0.0,0.0,0.0,1.0,1.0,0.0
190.0,4.7,1276.0,57.0,915.0,22.0,0.0,0.0,1.0,0.0,0.0,0.0
389.0,6.1,2087.0,67.0,1383.0,30.0,1.0,0.0,0.0,0.0,0.0,1.0
139.0,3.3,937.0,24.0,573.0,25.0,0.0,1.0,0.0,0.0,0.0,0.0
289.0,5.9,1528.0,48.0,915.0,30.0,0.0,1.0,0.0,0.0,0.0,1.0
593.0,11.1,2672.0,82.0,2258.0,34.0,0.0,1.0,0.0,0.0,0.0,0.0
576.0,9.5,2638.0,98.0,2281.0,38.0,0.0,0.0,0.0,0.0,0.0,0.0
592.0,9.4,2867.0,95.0,1701.0,27.0,1.0,0.0,0.0,0.0,0.0,0.0
567.0,10.5,2817.0,89.0,2194.0,52.0,0.0,0.0,0.0,1.0,1.0,1.0
170.0,2.5,740.0,21.0,537.0,25.0,0.0,0.0,0.0,1.0,1.0,0.0
242.0,5.4,1307.0,48.0,642.0,28.0,0.0,0.0,0.0,0.0,0.0,1.0
275.0,5.5,1616.0,48.0,656.0,55.0,0.0,1.0,0.0,0.0,0.0,1.0
544.0,9.7,2633.0,97.0,1727.0,28.0,0.0,0.0,0.0,0.0,0.0,0.0
50.0,2.0,362.0,17.0,182.0,34.0,1.0,0.0,0.0,0.0,0.0,0.0
236.0,4.6,1750.0,45.0,971.0,21.0,1.0,0.0,0.0,0.0,0.0,0.0
139.0,2.6,658.0,33.0,358.0,58.0,0.0,0.0,0.0,1.0,1.0,0.0
383.0,6.6,2155.0,74.0,1360.0,45.0,0.0,0.0,0.0,0.0,0.0,1.0
172.0,4.0,1047.0,32.0,508.0,21.0,0.0,1.0,0.0,0.0,0.0,0.0
455.0,6.2,1984.0,72.0,1287.0,42.0,0.0,0.0,1.0,0.0,0.0,1.0
157.0,2.5,1110.0,30.0,373.0,37.0,0.0,1.0,0.0,0.0,0.0,0.0
173.0,3.8,605.0,23.0,583.0,32.0,0.0,0.0,0.0,1.0,1.0,1.0
405.0,7.3,2082.0,75.0,1162.0,37.0,0.0,1.0,0.0,0.0,0.0,0.0
387.0,6.6,2168.0,61.0,1246.0,19.0,0.0,0.0,0.0,1.0,1.0,0.0
201.0,4.9,1633.0,41.0,972.0,32.0,0.0,0.0,1.0,0.0,0.0,0.0
142.0,3.5,625.0,25.0,370.0,40.0,0.0,0.0,0.0,1.0,1.0,0.0
198.0,4.2,1392.0,43.0,640.0,27.0,0.0,1.0,0.0,0.0,0.0,1.0
361.0,7.6,2037.0,65.0,1056.0,55.0,0.0,0.0,0.0,0.0,0.0,1.0
553.0,11.6,2914.0,81.0,1860.0,47.0,1.0,0.0,0.0,0.0,0.0,1.0
408.0,6.2,2245.0,69.0,1103.0,38.0,0.0,1.0,0.0,0.0,0.0,0.0
121.0,2.1,1188.0,21.0,578.0,18.0,0.0,0.0,1.0,0.0,0.0,1.0
71.0,1.4,508.0,15.0,265.0,33.0,0.0,0.0,0.0,0.0,0.0,0.0
46.0,1.6,440.0,10.0,265.0,31.0,0.0,0.0,0.0,1.0,1.0,1.0
290.0,4.4,1272.0,55.0,910.0,44.0,0.0,0.0,1.0,0.0,0.0,1.0
60.0,1.3,462.0,15.0,296.0,40.0,0.0,1.0,0.0,0.0,0.0,1.0
116.0,3.9,1132.0,26.0,498.0,35.0,0.0,0.0,0.0,0.0,0.0,0.0
86.0,1.7,312.0,16.0,227.0,32.0,1.0,0.0,0.0,0.0,0.0,1.0
291.0,5.3,1537.0,43.0,700.0,49.0,0.0,0.0,0.0,0.0,0.0,0.0
404.0,6.6,2181.0,77.0,1327.0,18.0,0.0,0.0,0.0,0.0,0.0,1.0
441.0,7.1,1928.0,74.0,1421.0,57.0,1.0,0.0,0.0,0.0,0.0,1.0
444.0,6.1,2229.0,73.0,1194.0,25.0,0.0,0.0,0.0,0.0,0.0,0.0
211.0,5.9,1757.0,42.0,864.0,56.0,1.0,0.0,0.0,0.0,0.0,0.0
537.0,9.1,2858.0,86.0,2158.0,22.0,0.0,1.0,0.0,0.0,0.0,1.0
519.0,10.9,2571.0,93.0,2163.0,47.0,0.0,0.0,1.0,0.0,0.0,0.0
94.0,3.5,606.0,30.0,446.0,49.0,0.0,1.0,0.0,0.0,0.0,1.0
554.0,10.3,2776.0,83.0,1606.0,34.0,0.0,0.0,0.0,0.0,0.0,0.0
381.0,7.5,2216.0,66.0,1291.0,37.0,0.0,0.0,0.0,1.0,1.0,0.0
257.0,6.0,1715.0,49.0,916.0,40.0,1.0,0.0,0.0,0.0,0.0,0.0
47.0,1.1,532.0,18.0,122.0,36.0,0.0,1.0,0.0,0.0,0.0,1.0
527.0,10.0,2430.0,82.0,1737.0,27.0,0.0,0.0,0.0,1.0,1.0,0.0
148.0,2.7,625.0,34.0,416.0,27.0,0.0,1.0,0.0,0.0,0.0,1.0
191.0,5.7,1414.0,53.0,991.0,19.0,0.0,0.0,0.0,1.0,1.0,0.0
71.0,1.9,571.0,10.0,117.0,43.0,0.0,0.0,0.0,0.0,0.0,0.0
73.0,1.3,538.0,19.0,175.0,30.0,1.0,0.0,0.0,0.0,0.0,0.0
149.0,3.1,1191.0,28.0,563.0,29.0,1.0,0.0,0.0,0.0,0.0,1.0
197.0,4.4,1665.0,44.0,608.0,43.0,0.0,0.0,1.0,0.0,0.0,0.0
328.0,6.1,1975.0,72.0,1101.0,24.0,0.0,1.0,0.0,0.0,0.0,1.0
424.0,7.5,1995.0,75.0,1228.0,36.0,1.0,0.0,0.0,0.0,0.0,1.0
111.0,3.6,627.0,26.0,464.0,39.0,0.0,1.0,0.0,0.0,0.0,0.0
159.0,3.7,630.0,33.0,575.0,30.0,0.0,1.0,0.0,0.0,0.0,1.0
580.0,11.5,2767.0,84.0,2341.0,36.0,0.0,0.0,0.0,0.0,0.0,0.0
379.0,7.7,1809.0,64.0,1050.0,22.0,0.0,1.0,0.0,0.0,0.0,0.0
217.0,4.2,1500.0,42.0,677.0,26.0,0.0,1.0,0.0,0.0,0.0,0.0
447.0,6.3,1959.0,63.0,1441.0,48.0,0.0,0.0,1.0,0.0,0.0,1.0
512.0,10.5,2538.0,82.0,1694.0,41.0,1.0,0.0,0.0,0.0,0.0,1.0
511.0,10.8,2529.0,91.0,2387.0,21.0,0.0,0.0,1.0,0.0,0.0,1.0
140.0,2.5,825.0,31.0,347.0,59.0,1.0,0.0,0.0,0.0,0.0,1.0
114.0,3.0,1131.0,31.0,596.0,28.0,0.0,1.0,0.0,0.0,0.0,1.0
192.0,4.3,1382.0,42.0,905.0,47.0,0.0,1.0,0.0,0.0,0.0,0.0
325.0,6.0,2244.0,70.0,1296.0,30.0,0.0,0.0,0.0,1.0,1.0,0.0
83.0,1.2,545.0,15.0,284.0,44.0,1.0,0.0,0.0,0.0,0.0,1.0
122.0,3.0,922.0,32.0,373.0,43.0,1.0,0.0,0.0,0.0,0.0,1.0
138.0,2.1,660.0,22.0,424.0,41.0,1.0,0.0,0.0,0.0,0.0,0.0
182.0,5.3,1278.0,42.0,885.0,54.0,1.0,0.0,0.0,0.0,0.0,0.0
425.0,6.0,1928.0,72.0,1150.0,53.0,1.0,0.0,0.0,0.0,0.0,0.0
580.0,10.4,2496.0,81.0,2441.0,37.0,1.0,0.0,0.0,0.0,0.0,0.0
203.0,4.0,1323.0,56.0,787.0,21.0,0.0,0.0,1.0,0.0,0.0,1.0
258.0,4.9,1596.0,56.0,937.0,40.0,0.0,0.0,1.0,0.0,0.0,0.0
551.0,8.5,2927.0,92.0,1901.0,51.0,0.0,0.0,0.0,1.0,1.0,1.0
507.0,9.6,2606.0,95.0,1543.0,48.0,0.0,0.0,0.0,1.0,1.0,1.0
57.0,1.3,489.0,16.0,131.0,37.0,0.0,0.0,1.0,0.0,0.0,1.0
553.0,10.2,2911.0,82.0,2441.0,44.0,0.0,0.0,1.0,0.0,0.0,1.0
49.0,1.1,395.0,16.0,153.0,46.0,0.0,0.0,0.0,0.0,0.0,0.0
106.0,4.0,1158.0,23.0,493.0,18.0,0.0,1.0,0.0,0.0,0.0,1.0
119.0,3.7,608.0,36.0,461.0,52.0,0.0,0.0,0.0,0.0,0.0,1.0
288.0,5.4,1476.0,49.0,767.0,36.0,1.0,0.0,0.0,0.0,0.0,0.0
225.0,5.6,1388.0,55.0,965.0,36.0,0.0,0.0,0.0,0.0,0.0,0.0
342.0,7.0,1826.0,71.0,1077.0,26.0,1.0,0.0,0.0,0.0,0.0,0.0
292.0,4.2,1407.0,54.0,867.0,59.0,0.0,1.0,0.0,0.0,0.0,1.0
218.0,5.0,1475.0,46.0,972.0,59.0,0.0,0.0,0.0,1.0,1.0,0.0
64.0,1.8,351.0,15.0,274.0,56.0,0.0,0.0,0.0,0.0,0.0,1.0
453.0,7.4,2363.0,65.0,1046.0,41.0,0.0,0.0,1.0,0.0,0.0,0.0
42.0,1.8,417.0,15.0,284.0,21.0,1.0,0.0,0.0,0.0,0.0,1.0
36.0,1.5,310.0,15.0,272.0,45.0,0.0,1.0,0.0,0.0,0.0,1.0
55.0,1.8,328.0,12.0,196.0,31.0,1.0,0.0,0.0,0.0,0.0,0.0
210.0,5.0,1614.0,53.0,679.0,55.0,0.0,0.0,0.0,1.0,1.0,0.0
227.0,5.2,1446.0,46.0,920.0,59.0,0.0,0.0,0.0,1.0,1.0,1.0
47.0,1.2,437.0,18.0,234.0,55.0,0.0,0.0,1.0,0.0,0.0,1.0
461.0,6.3,1988.0,62.0,1004.0,21.0,0.0,0.0,0.0,1.0,1.0,1.0
94.0,3.1,1078.0,38.0,489.0,25.0,0.0,0.0,0.0,0.0,0.0,1.0
216.0,5.1,1483.0,54.0,977.0,45.0,0.0,1.0,0.0,0.0,0.0,0.0
496.0,10.2,2587.0,84.0,1921.0,56.0,0.0,0.0,0.0,1.0,1.0,0.0
138.0,3.2,1142.0,31.0,366.0,29.0,1.0,0.0,0.0,0.0,0.0,0.0
318.0,6.6,2055.0,67.0,1253.0,43.0,0.0,0.0,0.0,1.0,1.0,1.0
96.0,3.4,1198.0,39.0,401.0,48.0,0.0,1.0,0.0,0.0,0.0,0.0
510.0,10.7,2433.0,90.0,1729.0,47.0,1.0,0.0,0.0,0.0,0.0,1.0
83.0,1.1,546.0,10.0,289.0,32.0,0.0,0.0,1.0,0.0,0.0,0.0
417.0,6.2,2074.0,63.0,1135.0,35.0,0.0,0.0,0.0,0.0,0.0,0.0
538.0,9.8,2778.0,91.0,2080.0,35.0,0.0,0.0,0.0,0.0,0.0,0.0
63.0,1.8,321.0,11.0,271.0,42.0,0.0,1.0,0.0,0.0,0.0,1.0
50.0,1.4,443.0,16.0,255.0,26.0,1.0,0.0,0.0,0.0,0.0,0.0
502.0,8.2,2597.0,90.0,1553.0,27.0,0.0,0.0,0.0,0.0,0.0,1.0
105.0,3.3,723.0,35.0,566.0,46.0,1.0,0.0,0.0,0.0,0.0,1.0
186.0,4.8,1494.0,53.0,949.0,20.0,0.0,0.0,0.0,0.0,0.0,0.0
174.0,2.9,1197.0,23.0,345.0,20.0,0.0,0.0,1.0,0.0,0.0,0.0
89.0,1.3,314.0,16.0,201.0,58.0,0.0,1.0,0.0,0.0,0.0,0.0
66.0,1.5,565.0,17.0,283.0,42.0,0.0,0.0,0.0,1.0,1.0,0.0
389.0,6.3,2294.0,76.0,1334.0,53.0,0.0,0.0,0.0,1.0,1.0,1.0
186.0,5.4,1627.0,58.0,790.0,31.0,0.0,0.0,1.0,0.0,0.0,0.0
149.0,2.0,1041.0,39.0,356.0,49.0,0.0,0.0,0.0,0.0,0.0,1.0
69.0,1.7,519.0,10.0,167.0,51.0,0.0,0.0,0.0,1.0,1.0,0.0
206.0,5.2,1632.0,47.0,694.0,30.0,0.0,0.0,1.0,0.0,0.0,1.0
49.0,1.2,365.0,19.0,144.0,29.0,0.0,1.0,0.0,0.0,0.0,1.0
594.0,10.5,2839.0,91.0,1647.0,56.0,0.0,0.0,0.0,0.0,0.0,1.0
104.0,3.7,1028.0,29.0,493.0,39.0,0.0,0.0,0.0,0.0,0.0,1.0
262.0,5.6,1489.0,59.0,628.0,54.0,0.0,0.0,0.0,0.0,0.0,0.0
278.0,5.3,1368.0,56.0,894.0,40.0,0.0,0.0,1.0,0.0,0.0,0.0
463.0,6.8,2358.0,68.0,1236.0,43.0,0.0,0.0,1.0,0.0,0.0,0.0
505.0,9.6,2464.0,91.0,2375.0,35.0,0.0,0.0,1.0,0.0,0.0,1.0
50.0,1.5,387.0,12.0,146.0,59.0,0.0,0.0,0.0,0.0,0.0,1.0
138.0,3.1,947.0,29.0,545.0,48.0,0.0,0.0,1.0,0.0,0.0,1.0
130.0,3.2,1189.0,37.0,448.0,45.0,0.0,0.0,1.0,0.0,0.0,1.0
469.0,6.4,1858.0,78.0,1297.0,55.0,0.0,0.0,0.0,0.0,0.0,0.0
555.0,10.3,2568.0,83.0,2003.0,52.0,0.0,0.0,1.0,0.0,0.0,1.0
198.0,5.4,1544.0,53.0,635.0,53.0,0.0,0.0,0.0,1.0,1.0,1.0
529.0,11.4,2891.0,82.0,1845.0,46.0,0.0,1.0,0.0,0.0,0.0,1.0
205.0,5.5,1699.0,49.0,729.0,36.0,0.0,1.0,0.0,0.0,0.0,1.0
170.0,2.4,1039.0,38.0,334.0,23.0,0.0,0.0,0.0,1.0,1.0,1.0
160.0,3.2,648.0,31.0,339.0,27.0,0.0,1.0,0.0,0.0,0.0,0.0
81.0,1.6,387.0,13.0,224.0,48.0,0.0,0.0,0.0,1.0,1.0,1.0
468.0,7.3,1937.0,64.0,1209.0,22.0,0.0,0.0,0.0,0.0,0.0,1.0
500.0,11.2,2925.0,84.0,2438.0,27.0,0.0,0.0,1.0,0.0,0.0,1.0
37.0,1.6,490.0,18.0,216.0,52.0,0.0,0.0,0.0,0.0,0.0,1.0
522.0,11.4,2776.0,93.0,1768.0,27.0,0.0,0.0,1.0,0.0,0.0,0.0
81.0,1.5,545.0,17.0,159.0,40.0,0.0,0.0,1.0,0.0,0.0,1.0
141.0,3.8,689.0,38.0,576.0,34.0,1.0,0.0,0.0,0.0,0.0,1.0
115.0,3.5,706.0,26.0,495.0,52.0,0.0,1.0,0.0,0.0,0.0,0.0
298.0,4.6,1525.0,59.0,814.0,36.0,0.0,0.0,0.0,0.0,0.0,0.0
33.0,1.8,334.0,16.0,113.0,36.0,0.0,0.0,0.0,1.0,1.0,0.0
307.0,6.1,2105.0,76.0,1111.0,25.0,0.0,0.0,0.0,0.0,0.0,0.0
380.0,7.6,2354.0,77.0,1191.0,30.0,0.0,0.0,1.0,0.0,0.0,1.0
190.0,5.5,1718.0,58.0,815.0,42.0,0.0,0.0,1.0,0.0,0.0,1.0
75.0,1.6,325.0,12.0,225.0,45.0,0.0,1.0,0.0,0.0,0.0,1.0
218.0,4.0,1221.0,47.0,822.0,25.0,0.0,0.0,0.0,0.0,0.0,1.0
412.0,6.6,1859.0,67.0,1393.0,18.0,0.0,0.0,1.0,0.0,0.0,1.0
335.0,7.7,2037.0,68.0,1007.0,18.0,0.0,0.0,0.0,0.0,0.0,1.0
387.0,6.3,2098.0,61.0,1178.0,54.0,1.0,0.0,0.0,0.0,0.0,1.0
261.0,4.9,1589.0,56.0,824.0,52.0,0.0,0.0,0.0,0.0,0.0,0.0
541.0,9.5,2424.0,98.0,1550.0,32.0,0.0,1.0,0.0,0.0,0.0,1.0
195.0,5.7,1447.0,48.0,679.0,30.0,0.0,0.0,0.0,0.0,0.0,1.0
178.0,4.0,856.0,37.0,569.0,51.0,0.0,0.0,0.0,1.0,1.0,0.0
378.0,6.7,1898.0,78.0,1455.0,48.0,0.0,0.0,1.0,0.0,0.0,0.0
505.0,8.6,2792.0,82.0,1709.0,31.0,0.0,0.0,1.0,0.0,0.0,1.0
564.0,9.7,2422.0,83.0,1985.0,34.0,0.0,1.0,0.0,0.0,0.0,0.0
92.0,3.9,1082.0,26.0,381.0,22.0,0.0,0.0,0.0,1.0,1.0,1.0
316.0,6.8,1965.0,68.0,1201.0,59.0,0.0,0.0,1.0,0.0,0.0,1.0
99.0,3.1,942.0,22.0,457.0,50.0,0.0,0.0,0.0,0.0,0.0,0.0
62.0,1.7,431.0,13.0,224.0,44.0,0.0,1.0,0.0,0.0,0.0,1.0
212.0,5.4,1306.0,49.0,828.0,23.0,1.0,0.0,0.0,0.0,0.0,0.0
